Student_ID,Name,Age,Gender,City,Department,Semester,Hostel,Attendance_%,Study_Hours_Daily,Assignment_%,Midterm_Marks,Final_Exam_Marks,Project_Marks,Coding_Score,Communication_Score,Sleep_Hours,Screen_Time_Hours,Annual_Fees,Grade,Attendance_Status
STU1001,Aditya,23,Male,Delhi,Mechanical,6,No,71.9,1.0,99.6,49,90,60,94,53.0,7.3,6.9,141932,B,Irregular
STU1002,Varun,23,Male,Mumbai,Mechanical,7,No,74.4,5.1,47.6,83,88,81,79,44.0,7.2,3.4,150038,B+,Irregular
STU1003,Vivaan,21,Female,Chennai,Mechanical,5,No,55.6,1.2,95.0,94,43,89,28,,5.7,7.3,89457,B,Irregular
STU1004,Aryan,21,Female,Ahmedabad,AI & DS,4,No,74.1,6.1,63.0,88,33,93,82,47.0,7.1,6.2,159789,B,Irregular
STU1005,Harsh,22,Male,Haridwar,CSE,8,Yes,69.6,2.4,45.3,87,53,65,79,70.0,8.2,7.7,83986,B+,Irregular
STU1006,Vivaan,18,Female,Chennai,AI & DS,8,Yes,90.6,6.1,80.1,39,70,67,26,41.0,8.5,5.8,78110,D,Regular
STU1007,Ananya,19,Female,Mumbai,CSE,4,Yes,87.1,4.6,94.9,35,34,65,33,56.0,5.6,5.3,103827,D,Regular
STU1008,Varun,18,Male,Hyderabad,Mechanical,4,No,97.4,2.3,94.1,93,57,41,61,74.0,6.9,8.5,85707,B,Regular
STU1009,Dev,21,Male,Haridwar,IT,7,No,71.0,4.6,68.0,96,30,96,46,91.0,5.5,3.0,136199,B+,Irregular
STU1010,Vaishnavi,21,Female,Chennai,ECE,3,Yes,97.4,2.0,99.9,66,81,88,81,87.0,5.7,9.8,70854,A,Regular
STU1011,Aryan,23,Female,Chennai,Mechanical,7,Yes,67.5,3.6,58.3,35,48,41,72,73.0,8.1,5.8,176081,C,Irregular
STU1012,Rohan,22,Male,Pune,Mechanical,3,No,83.5,1.1,73.2,45,45,72,92,88.0,5.5,7.2,153763,B,Regular
STU1013,Nikhil,18,Male,Delhi,AI & DS,2,Yes,97.3,2.6,54.6,74,68,57,20,40.0,8.9,6.1,72049,C,Regular
STU1014,Ananya,20,Male,Mumbai,Mechanical,8,No,99.8,6.5,80.3,46,98,76,51,38.0,4.9,3.3,177941,B,Regular
STU1015,Aditya,22,Male,Pune,CSE,4,Yes,85.1,4.5,54.8,59,47,85,85,83.0,6.1,8.0,169522,B+,Regular
STU1016,Kavya,23,Female,Hyderabad,Civil,3,No,84.6,7.3,68.9,67,77,51,78,51.0,6.1,7.2,109790,B,Regular
STU1017,Neha,18,Female,Bangalore,AI & DS,3,No,77.2,1.1,96.1,95,77,58,23,64.0,6.4,9.7,136235,B,Regular
STU1018,Sneha,18,Female,Hyderabad,ECE,3,No,93.4,1.5,56.5,97,61,62,52,96.0,7.5,4.9,126958,B+,Regular
STU1019,Diya,23,Female,Chennai,Civil,2,Yes,78.3,3.9,59.1,36,46,79,52,38.0,7.3,2.7,159912,C,Regular
STU1020,Isha,20,Male,Delhi,ECE,8,Yes,83.3,5.7,63.0,54,94,47,35,43.0,5.2,9.9,92677,C,Regular
STU1021,Simran,20,Female,Bangalore,CSE,8,Yes,81.6,2.9,98.1,83,81,81,89,44.0,6.6,8.7,128335,B+,Regular
STU1022,Priya,19,Female,Ahmedabad,AI & DS,3,Yes,78.9,3.8,68.8,81,84,79,71,45.0,7.8,4.0,102217,B+,Regular
STU1023,Aryan,18,Male,Delhi,AI & DS,6,No,98.3,2.3,96.4,57,38,51,20,87.0,7.4,6.1,99375,C,Regular
STU1024,Pooja,22,Female,Haridwar,Civil,6,No,79.9,1.3,47.2,56,96,51,45,45.0,8.3,7.6,165435,C,Regular
STU1025,Aryan,19,Female,Bangalore,Mechanical,2,No,55.8,3.6,79.4,82,68,75,52,52.0,6.8,8.9,79540,B,Irregular
STU1026,Mohit,21,Female,Delhi,IT,4,Yes,85.8,4.2,75.0,50,53,55,21,61.0,8.7,5.1,108304,D,Regular
STU1027,Kavya,19,Male,Mumbai,ECE,3,Yes,84.3,1.5,62.5,77,73,68,32,41.0,8.3,2.2,135953,C,Regular
STU1028,Yash,21,Male,Bangalore,Civil,1,No,66.7,2.2,86.3,41,97,97,94,58.0,8.1,9.9,155999,B+,Irregular
STU1029,Neha,22,Male,Haridwar,IT,1,No,60.7,7.3,72.8,58,52,71,56,41.0,8.2,4.6,136234,C,Irregular
STU1030,Rahul,21,Female,Pune,IT,2,Yes,59.5,1.6,50.0,46,90,80,38,38.0,7.2,6.4,157508,C,Irregular
STU1031,Aadhya,19,Male,Ahmedabad,Civil,3,Yes,88.9,4.8,83.8,57,45,96,58,82.0,8.9,7.5,152873,B,Regular
STU1032,Ananya,19,Male,Ahmedabad,ECE,5,Yes,82.8,1.6,99.3,41,75,52,59,71.0,6.2,5.0,176995,C,Regular
STU1033,Pooja,22,Female,Hyderabad,IT,2,No,65.7,3.3,68.9,79,33,75,89,60.0,5.6,5.2,73709,B,Irregular
STU1034,Dev,21,Male,Haridwar,CSE,6,Yes,57.5,7.7,45.7,95,68,40,22,91.0,8.9,2.3,90559,B,Irregular
STU1035,Meera,18,Male,Jaipur,Civil,6,No,78.7,3.7,85.5,70,48,59,76,47.0,8.6,9.7,81023,B,Regular
STU1036,Aryan,19,Female,Delhi,Mechanical,4,Yes,95.1,7.8,99.2,58,57,92,27,65.0,7.6,6.3,148752,C,Regular
STU1037,Sneha,20,Female,Bangalore,CSE,2,No,73.5,7.5,92.6,63,42,85,54,35.0,4.7,2.2,131813,C,Irregular
STU1038,Dev,23,Male,Jaipur,Civil,1,No,91.5,1.3,52.4,83,40,60,45,92.0,4.6,2.6,82763,B,Regular
STU1039,Krishna,19,Female,Mumbai,CSE,5,No,91.6,2.4,58.8,39,32,92,42,82.0,5.7,3.7,140080,C,Regular
STU1040,Aryan,19,Female,Hyderabad,AI & DS,3,Yes,85.2,3.2,89.9,66,63,67,91,68.0,8.9,2.7,107626,B+,Regular
STU1041,Diya,20,Male,,Mechanical,2,No,73.2,5.3,80.0,81,52,54,33,95.0,7.0,2.7,145745,B,Irregular
STU1042,Harsh,21,Female,Kolkata,CSE,2,Yes,70.7,2.8,70.3,72,59,94,70,34.0,8.9,5.9,139836,B,Irregular
STU1043,Karan,21,Female,Pune,CSE,3,No,64.4,4.3,81.7,77,52,94,99,45.0,5.3,3.5,93954,B+,Irregular
STU1044,Aarav,22,Male,Ahmedabad,AI & DS,2,Yes,92.0,4.5,83.0,76,90,61,40,99.0,4.7,8.4,75240,B+,Regular
STU1045,Arjun,18,Female,Jaipur,IT,5,No,86.0,2.5,65.4,90,92,87,80,55.0,6.7,6.9,143686,A,Regular
STU1046,Pooja,20,Male,Chennai,AI & DS,3,Yes,78.9,1.2,92.7,36,55,53,78,85.0,6.1,5.2,116271,B,Regular
STU1047,Dev,18,Male,Pune,CSE,4,No,67.1,6.5,72.4,62,68,96,36,73.0,4.9,6.3,149905,B,Irregular
STU1048,Aryan,19,Male,Kolkata,IT,5,No,80.1,5.2,58.0,74,71,80,25,81.0,5.0,3.2,141158,B,Regular
STU1049,Ananya,20,Male,Kolkata,Civil,4,No,77.0,1.8,66.9,96,91,69,43,84.0,8.9,8.9,177141,B+,Regular
STU1050,Aryan,20,Male,Bangalore,AI & DS,2,No,98.9,6.0,56.0,85,91,96,85,37.0,7.8,6.2,137584,B+,Regular
STU1051,Aarav,23,Female,Kolkata,ECE,5,Yes,82.5,4.8,56.1,98,67,76,30,32.0,7.6,2.7,71342,B,Regular
STU1052,Rohan,20,Female,Jaipur,Civil,6,No,85.7,7.8,51.8,51,38,50,34,53.0,7.8,9.5,154555,D,Regular
STU1053,Harsh,20,Male,Bangalore,AI & DS,4,No,72.1,6.8,55.3,35,69,61,79,93.0,5.6,7.1,90611,B,Irregular
STU1054,Karan,23,Female,Mumbai,Civil,6,Yes,69.2,6.2,72.6,76,47,79,91,68.0,5.5,9.2,115558,B+,Irregular
STU1055,Rohan,20,Male,Mumbai,ECE,8,No,78.9,6.6,79.1,87,80,78,70,99.0,6.9,9.2,168723,A,Regular
STU1056,Simran,19,Female,Bangalore,IT,2,Yes,99.9,1.7,74.5,91,56,94,52,97.0,6.2,5.7,134435,B+,Regular
STU1057,Arjun,21,Male,Delhi,IT,7,Yes,72.9,5.9,74.8,63,37,44,48,76.0,5.6,4.8,147834,C,Irregular
STU1058,Aryan,23,Male,Ahmedabad,Civil,8,No,98.2,1.7,59.1,72,35,47,42,76.0,7.8,6.7,109915,C,Regular
STU1059,Simran,20,Male,Kolkata,CSE,6,Yes,80.4,4.2,51.2,39,66,47,50,38.0,8.9,8.7,89256,D,Regular
STU1060,Nisha,18,Male,Haridwar,ECE,4,Yes,69.9,1.0,63.3,88,84,90,59,44.0,6.3,6.3,178618,B+,Irregular
STU1061,Mohit,21,Male,Mumbai,AI & DS,8,Yes,96.5,4.5,68.0,41,63,66,36,72.0,8.6,4.9,164270,C,Regular
STU1062,Neha,21,Male,Jaipur,Mechanical,6,No,67.5,1.6,99.8,60,57,89,68,100.0,6.8,6.8,111949,B+,Irregular
STU1063,Neha,22,Male,Kolkata,IT,2,Yes,88.7,6.4,69.9,90,91,71,49,58.0,6.9,5.5,96737,B+,Regular
STU1064,Harsh,20,Female,Ahmedabad,ECE,3,No,77.4,4.7,,85,92,43,20,37.0,8.9,8.7,155382,C,Regular
STU1065,Harsh,23,Male,Bangalore,IT,3,Yes,84.7,4.9,84.6,99,86,94,86,88.0,8.1,9.9,145039,A+,Regular
STU1066,Nisha,23,Male,Chennai,ECE,7,No,93.5,1.6,56.4,50,97,91,56,83.0,4.6,3.5,83859,B+,Regular
STU1067,Diya,19,Male,Delhi,IT,7,Yes,83.9,2.9,79.3,36,30,86,88,49.0,6.3,6.4,132516,C,Regular
STU1068,Ananya,19,Male,Haridwar,CSE,6,No,68.3,6.8,99.1,58,59,95,78,43.0,6.9,3.4,144532,B,Irregular
STU1069,Vivaan,18,Male,Haridwar,AI & DS,2,No,55.8,2.4,45.6,52,71,75,60,67.0,5.1,9.2,152565,B,Irregular
STU1070,Neha,19,Male,Ahmedabad,AI & DS,8,No,87.9,2.2,85.6,46,82,46,29,74.0,4.9,6.8,148617,C,Regular
STU1071,Rahul,20,Female,Delhi,AI & DS,6,Yes,58.1,4.4,59.8,45,69,50,55,88.0,6.9,3.3,101987,B,Irregular
STU1072,Neha,18,Male,Kolkata,ECE,1,Yes,57.3,1.5,49.3,96,55,41,92,69.0,4.5,9.7,90581,B+,Irregular
STU1073,Neha,19,Male,Chennai,CSE,7,No,81.6,4.8,93.0,53,73,98,68,90.0,7.8,8.5,71750,B+,Regular
STU1074,Ananya,22,Female,Ahmedabad,CSE,7,No,87.6,5.0,95.4,59,41,54,78,55.0,4.7,7.6,139768,C,Regular
STU1075,Aadhya,18,Female,Kolkata,IT,4,No,63.7,4.4,93.7,93,68,74,37,88.0,6.9,5.5,93510,B+,Irregular
STU1076,Sneha,18,Female,Ahmedabad,Mechanical,6,No,57.9,1.2,92.9,49,33,68,44,42.0,4.6,9.0,97788,D,Irregular
STU1077,Neha,22,Female,Bangalore,Mechanical,1,No,72.3,7.1,99.1,73,75,91,48,91.0,8.0,5.3,73430,B+,Irregular
STU1078,Yash,23,Female,Pune,ECE,6,Yes,78.5,1.3,46.0,99,78,42,64,43.0,8.9,5.4,150688,B,Regular
STU1079,Krishna,20,Female,Hyderabad,AI & DS,8,Yes,72.6,7.3,99.4,46,88,97,56,90.0,7.8,2.5,126979,B+,Irregular
STU1080,Yash,23,Male,Bangalore,AI & DS,7,Yes,92.7,7.2,96.0,88,86,65,60,32.0,9.0,3.4,77657,B,Regular
STU1081,Aditya,23,Male,Kolkata,Civil,7,Yes,78.2,5.2,76.9,96,46,63,22,61.0,4.9,9.0,93874,C,Regular
STU1082,Ananya,18,Male,Delhi,Mechanical,7,No,67.3,2.8,84.8,63,38,42,44,71.0,6.7,2.6,79903,C,Irregular
STU1083,Aditya,19,Female,Jaipur,AI & DS,8,Yes,85.7,7.1,58.5,74,74,71,81,87.0,5.2,3.3,175228,B+,Regular
STU1084,Rohan,21,Male,Bangalore,IT,5,No,92.7,4.3,93.3,87,71,75,82,56.0,4.5,8.6,147236,B+,Regular
STU1085,Rahul,19,Female,Jaipur,CSE,1,No,88.5,2.8,79.9,65,31,53,96,41.0,6.9,8.2,140981,C,Regular
STU1086,Harsh,23,Female,Pune,Mechanical,2,No,67.8,3.1,83.9,97,57,99,98,66.0,4.8,6.7,90953,A,Irregular
STU1087,Mohit,20,Female,Chennai,Civil,3,Yes,58.4,3.3,71.9,84,43,86,48,65.0,8.0,7.5,114569,B,Irregular
STU1088,Meera,22,Male,Pune,ECE,7,No,62.2,2.6,52.2,63,33,56,32,68.0,8.4,9.7,163623,C,Irregular
STU1089,Pooja,18,Male,Mumbai,IT,1,No,74.5,7.3,57.6,55,76,55,78,35.0,5.5,2.2,177288,C,Irregular
STU1090,Karan,21,Female,Haridwar,CSE,5,Yes,87.2,2.1,70.0,52,44,83,99,56.0,6.9,2.1,131788,B,Regular
STU1091,Kavya,18,Female,Chennai,CSE,6,No,60.9,2.7,75.7,87,53,99,22,49.0,5.5,3.3,75109,B,Irregular
STU1092,Sneha,23,Female,Delhi,AI & DS,7,Yes,69.7,6.1,81.1,36,40,52,100,50.0,7.9,9.6,122648,C,Irregular
STU1093,Meera,23,Female,Pune,CSE,2,No,56.8,1.1,63.0,85,70,56,95,75.0,6.8,2.7,115004,B+,Irregular
STU1094,Rahul,19,Female,Ahmedabad,ECE,7,No,58.7,1.3,81.9,60,51,78,85,67.0,8.8,3.0,119786,B,Irregular
STU1095,Karan,19,Female,Pune,AI & DS,7,Yes,56.4,4.4,,40,61,80,95,37.0,7.0,6.8,151941,B,Irregular
STU1096,Aman,21,Male,Haridwar,Civil,3,No,75.4,3.3,70.9,37,70,99,33,41.0,7.8,9.0,72356,C,Regular
STU1097,Pooja,23,Male,Kolkata,CSE,3,Yes,84.6,1.6,67.2,85,73,57,89,47.0,5.5,5.3,168656,B+,Regular
STU1098,Vaishnavi,22,Female,Pune,Mechanical,8,No,92.8,7.1,76.8,83,60,97,80,53.0,6.5,7.8,92015,B+,Regular
STU1099,Pooja,20,Female,Hyderabad,Civil,4,Yes,82.3,5.4,79.7,68,65,45,58,71.0,7.8,3.1,89975,B,Regular
STU1100,Aman,22,Male,Hyderabad,Civil,1,No,73.2,1.7,67.3,76,73,53,97,31.0,7.2,6.6,171459,B,Irregular
STU1101,Aarav,21,Female,Pune,Civil,7,Yes,81.7,2.6,93.6,51,57,41,54,34.0,6.5,4.6,141260,D,Regular
STU1102,Isha,18,Male,Hyderabad,Mechanical,4,Yes,70.2,5.2,64.6,35,34,59,27,72.0,6.9,8.3,79847,D,Irregular
STU1103,Sneha,23,Female,Haridwar,Civil,4,No,91.3,1.3,51.7,62,35,83,80,49.0,6.5,9.5,175284,B,Regular
STU1104,Sneha,20,Male,Delhi,CSE,2,Yes,59.6,7.1,70.0,85,41,81,39,82.0,6.8,5.9,175899,B,Irregular
STU1105,Aadhya,21,Male,Kolkata,ECE,5,Yes,79.0,6.1,53.6,57,74,91,99,,5.6,9.7,118320,A,Regular
STU1106,Karan,18,Female,Kolkata,CSE,6,No,92.7,,56.9,77,59,89,36,55.0,7.5,5.2,148916,B,Regular
STU1107,Ananya,18,Male,Haridwar,Civil,1,Yes,81.0,5.0,85.6,96,95,89,83,99.0,8.5,5.2,99165,A+,Regular
STU1108,Pooja,22,Male,Jaipur,AI & DS,6,Yes,96.7,1.0,62.9,53,99,73,32,52.0,6.1,5.2,79108,B,Regular
STU1109,Rohan,19,Male,Mumbai,AI & DS,6,No,72.1,6.3,72.5,67,78,71,54,73.0,6.9,9.6,178997,B,Irregular
STU1110,Krishna,21,Female,Chennai,AI & DS,6,No,96.1,,73.7,60,54,51,24,77.0,8.2,5.4,139967,C,Regular
STU1111,Meera,21,Male,Hyderabad,IT,2,No,84.1,4.4,59.1,49,54,75,94,80.0,5.8,4.5,142430,B+,Regular
STU1112,Sneha,19,Male,Pune,ECE,1,No,79.0,2.3,82.5,42,45,81,55,59.0,5.3,6.2,73654,C,Regular
STU1113,Vaishnavi,21,Female,Chennai,AI & DS,1,No,68.3,1.3,79.8,76,90,81,75,65.0,8.8,6.8,93669,B+,Irregular
STU1114,Yash,19,Male,,CSE,2,Yes,78.2,6.5,60.1,43,55,48,34,39.0,8.2,5.4,106041,D,Regular
STU1115,Meera,18,Male,Delhi,CSE,7,Yes,91.4,1.7,46.3,53,65,49,74,98.0,7.4,6.9,93711,B,Regular
STU1116,Rahul,22,Female,Mumbai,ECE,6,Yes,83.7,6.0,83.1,91,54,41,83,64.0,9.0,3.0,130946,B,Regular
STU1117,Aditya,18,Female,Jaipur,IT,6,Yes,82.1,,69.3,76,61,78,55,65.0,8.2,7.4,138011,B,Regular
STU1118,Aditya,23,Female,Ahmedabad,IT,6,No,65.5,1.4,65.8,55,37,77,91,79.0,6.1,10.0,79686,B,Irregular
STU1119,Krishna,22,Male,Haridwar,ECE,6,No,75.9,4.2,86.6,42,51,83,77,65.0,6.1,7.3,109891,B,Regular
STU1120,Dev,23,Male,Pune,AI & DS,6,No,76.4,6.5,92.6,64,52,67,24,94.0,7.2,6.1,79715,B,Regular
STU1121,Ananya,22,Female,Haridwar,CSE,1,Yes,86.9,,60.4,48,65,72,42,95.0,8.7,9.0,160373,B,Regular
STU1122,Meera,18,Female,Hyderabad,ECE,5,Yes,96.4,5.7,74.3,77,44,61,79,41.0,7.7,3.1,101750,B,Regular
STU1123,Aditya,19,Female,Pune,ECE,8,No,68.7,6.8,52.3,49,50,74,85,31.0,8.4,9.4,75901,C,Irregular
STU1124,Dev,22,Male,Delhi,Civil,2,No,61.3,1.9,98.0,88,81,42,60,35.0,7.0,9.7,81871,B,Irregular
STU1125,Rohan,22,Male,Delhi,Mechanical,7,Yes,81.7,3.7,76.0,65,49,57,79,92.0,5.4,3.7,125677,B,Regular
STU1126,Aditya,22,Male,Mumbai,Mechanical,1,No,99.8,5.4,57.6,65,85,54,92,38.0,5.5,3.8,138828,B,Regular
STU1127,Harsh,20,Male,Hyderabad,AI & DS,7,Yes,83.1,3.7,,72,79,76,82,,5.6,3.1,76548,A,Regular
STU1128,Krishna,18,Male,Bangalore,ECE,2,Yes,55.9,7.8,89.1,55,39,62,77,68.0,8.8,5.9,179538,B,Irregular
STU1129,Nisha,19,Female,Pune,ECE,4,No,67.0,6.2,71.2,45,92,60,71,84.0,6.2,5.2,89877,B+,Irregular
STU1130,Yash,18,Male,Jaipur,ECE,4,No,72.7,2.8,,76,42,88,83,46.0,4.7,9.2,160900,B,Irregular
STU1131,Meera,18,Female,Chennai,Civil,3,Yes,92.1,6.2,73.2,68,37,98,91,78.0,7.6,2.3,130920,B+,Regular
STU1132,Krishna,21,Male,Kolkata,ECE,7,No,88.6,7.9,98.4,35,80,63,43,46.0,8.7,8.3,127906,C,Regular
STU1133,Aadhya,23,Male,Jaipur,CSE,1,No,62.8,5.7,45.6,39,34,69,27,93.0,5.6,4.1,112600,C,Irregular
STU1134,Mohit,19,Female,Bangalore,Mechanical,2,Yes,84.0,1.3,51.1,96,39,60,55,41.0,7.2,2.8,140119,C,Regular
STU1135,Pooja,23,Male,Kolkata,Civil,3,No,74.4,6.7,92.4,56,59,59,63,61.0,8.3,9.4,126849,C,Irregular
STU1136,Isha,20,Female,Hyderabad,AI & DS,3,Yes,83.6,7.6,47.4,55,37,85,26,52.0,5.2,3.1,125731,C,Regular
STU1137,Krishna,22,Male,Kolkata,IT,7,No,91.8,5.0,82.9,57,73,52,41,72.0,8.4,7.1,126447,C,Regular
STU1138,Isha,22,Male,Jaipur,Mechanical,8,Yes,74.5,3.8,89.0,42,87,55,91,30.0,5.4,6.4,106735,B,Irregular
STU1139,Vaishnavi,21,Female,Ahmedabad,ECE,2,No,91.7,6.8,45.6,61,95,80,32,38.0,7.9,8.1,85379,B,Regular
STU1140,Aadhya,23,Male,Ahmedabad,Civil,6,Yes,69.7,1.0,54.8,90,87,43,23,49.0,4.6,3.3,131627,C,Irregular
STU1141,Harsh,23,Male,Kolkata,Civil,8,No,90.7,4.9,75.8,54,46,94,90,33.0,7.2,7.4,84226,B,Regular
STU1142,Yash,22,Female,Ahmedabad,AI & DS,5,Yes,67.1,6.8,73.6,94,48,88,82,51.0,6.2,3.0,76256,B+,Irregular
STU1143,Nikhil,23,Male,Jaipur,CSE,6,No,74.5,4.5,54.8,52,92,91,66,86.0,7.6,9.9,127418,B+,Irregular
STU1144,Sneha,20,Male,Jaipur,AI & DS,6,No,88.3,2.9,73.5,50,98,96,80,39.0,5.8,9.5,153369,B+,Regular
STU1145,Vaishnavi,18,Male,Ahmedabad,Civil,4,No,93.4,5.4,47.7,60,98,68,83,66.0,8.6,9.3,72839,B+,Regular
STU1146,Dev,21,Female,Haridwar,Mechanical,5,No,87.8,3.0,47.5,75,83,85,79,89.0,4.7,4.2,104742,A,Regular
STU1147,Isha,18,Male,Pune,IT,4,No,95.8,7.3,52.7,44,45,93,96,99.0,6.9,5.3,167798,B+,Regular
STU1148,Yash,22,Female,Ahmedabad,Mechanical,8,No,58.9,5.4,72.2,49,61,95,94,49.0,8.9,3.2,104521,B,Irregular
STU1149,Ananya,18,Female,Bangalore,Mechanical,7,No,63.6,1.6,82.6,83,48,90,31,90.0,7.0,9.8,168876,B,Irregular
STU1150,Neha,19,Female,Hyderabad,ECE,1,No,93.7,2.2,97.0,92,72,80,58,78.0,8.3,7.4,135633,B+,Regular
STU1151,Rohan,21,Male,Ahmedabad,IT,8,Yes,93.8,6.5,56.1,85,68,61,95,69.0,5.7,3.3,133870,B+,Regular
STU1152,Nikhil,19,Male,Delhi,CSE,8,No,89.1,3.4,60.5,49,43,66,59,87.0,6.3,8.4,134166,B,Regular
STU1153,Diya,21,Female,Kolkata,Mechanical,4,Yes,84.6,5.0,79.9,84,72,58,88,80.0,8.1,5.2,157983,B+,Regular
STU1154,Vivaan,20,Male,Mumbai,IT,2,Yes,95.4,7.9,52.7,76,89,59,89,41.0,5.4,3.5,103380,B+,Regular
STU1155,Ananya,21,Male,Chennai,CSE,7,Yes,88.0,7.9,81.7,82,33,69,89,48.0,7.4,3.3,71125,B,Regular
STU1156,Aarav,21,Male,Pune,ECE,2,No,99.1,3.7,98.5,93,56,44,44,32.0,6.0,4.4,165665,C,Regular
STU1157,Meera,21,Female,Haridwar,Civil,8,No,60.0,6.7,93.4,94,73,96,30,95.0,6.9,4.0,155751,B+,Irregular
STU1158,Pooja,19,Female,Haridwar,AI & DS,1,Yes,58.9,6.6,91.4,67,64,91,53,70.0,5.6,2.2,97516,B,Irregular
STU1159,Rahul,23,Male,Pune,Mechanical,1,No,85.4,1.5,49.2,100,69,95,47,76.0,6.0,8.9,133278,B+,Regular
STU1160,Kavya,21,Female,Pune,Mechanical,1,Yes,68.7,6.7,48.3,97,50,74,76,82.0,8.5,7.2,156661,B+,Irregular
STU1161,Kavya,21,Male,Kolkata,AI & DS,3,Yes,85.2,7.8,51.1,57,88,66,65,67.0,6.4,2.3,93383,B,Regular
STU1162,Aadhya,20,Male,Pune,Civil,7,No,56.2,6.1,61.8,56,77,96,70,32.0,8.2,4.3,122142,B,Irregular
STU1163,Neha,23,Male,Jaipur,Mechanical,1,No,75.2,5.2,61.3,72,82,100,55,69.0,5.8,7.9,141363,B+,Regular
STU1164,Riya,22,Female,Jaipur,AI & DS,4,Yes,57.9,2.9,88.4,42,31,80,60,84.0,7.1,7.3,149151,C,Irregular
STU1165,Ananya,21,Male,Jaipur,ECE,8,No,92.4,5.0,73.5,78,62,92,92,90.0,6.4,4.5,141853,A,Regular
STU1166,Pooja,23,Female,Haridwar,Civil,3,No,89.8,5.7,52.2,53,55,91,41,50.0,5.6,8.3,78770,C,Regular
STU1167,Karan,23,Female,Hyderabad,CSE,2,Yes,84.4,1.3,78.2,100,63,66,74,30.0,8.6,3.9,99033,B,Regular
STU1168,Neha,22,Male,Hyderabad,CSE,6,Yes,98.7,2.5,47.0,74,43,74,67,85.0,5.0,4.7,86724,B,Regular
STU1169,Yash,22,Male,Haridwar,CSE,8,Yes,74.7,3.4,72.9,98,91,81,73,38.0,8.4,5.9,150650,B+,Irregular
STU1170,Isha,20,Female,Kolkata,Civil,5,Yes,57.0,5.3,62.0,45,75,84,20,69.0,8.2,9.6,73321,C,Irregular
STU1171,Aman,18,Male,Pune,ECE,2,No,87.5,5.7,89.0,59,75,62,49,76.0,7.5,2.7,104542,B,Regular
STU1172,Harsh,18,Female,Delhi,IT,3,Yes,73.9,1.1,80.0,49,70,78,21,92.0,8.6,6.9,116619,B,Irregular
STU1173,Riya,23,Female,Delhi,CSE,1,No,62.7,4.7,69.7,61,31,68,57,32.0,4.9,5.2,108244,D,Irregular
STU1174,Nikhil,22,Female,Delhi,Mechanical,3,Yes,60.5,2.9,61.8,83,54,62,43,67.0,8.1,5.6,112849,B,Irregular
STU1175,Aman,20,Female,Ahmedabad,IT,1,No,72.3,5.9,82.9,62,73,54,60,92.0,6.2,3.3,146708,B,Irregular
STU1176,Vaishnavi,20,Male,Ahmedabad,Mechanical,2,No,84.1,1.0,66.2,71,85,40,84,76.0,8.1,6.8,81120,B+,Regular
STU1177,Arjun,18,Male,Delhi,Civil,6,No,85.5,7.8,74.3,42,63,87,75,94.0,5.1,2.8,77597,B+,Regular
STU1178,Harsh,22,Female,Ahmedabad,Civil,2,Yes,56.4,3.6,65.6,98,80,89,25,88.0,6.6,5.6,136321,B+,Irregular
STU1179,Arjun,22,Male,Haridwar,CSE,5,No,92.2,2.2,58.6,63,88,86,36,,8.3,4.8,79569,B,Regular
STU1180,Diya,21,Male,Jaipur,Mechanical,7,No,66.7,8.0,53.3,85,75,83,40,73.0,8.2,3.7,109420,B+,Irregular
STU1181,Krishna,18,Male,Pune,AI & DS,3,Yes,99.7,7.7,95.0,58,48,76,27,57.0,7.7,6.3,89595,C,Regular
STU1182,Ananya,23,Female,Hyderabad,CSE,3,Yes,56.7,4.6,50.2,45,34,56,75,49.0,7.9,5.9,148518,C,Irregular
STU1183,Mohit,20,Female,Haridwar,IT,2,Yes,71.9,7.1,98.9,67,91,63,42,44.0,6.3,8.6,76142,B,Irregular
STU1184,Neha,18,Male,Jaipur,IT,7,No,81.6,,46.7,41,64,87,92,74.0,8.9,3.8,160102,B+,Regular
STU1185,Aadhya,23,Male,Delhi,CSE,8,Yes,55.9,2.5,97.7,56,72,42,73,39.0,4.5,10.0,80503,C,Irregular
STU1186,Dev,22,Male,Bangalore,Civil,8,No,99.8,6.4,81.2,64,36,42,84,65.0,7.9,8.8,145969,C,Regular
STU1187,Varun,23,Male,Mumbai,IT,6,No,59.7,5.0,83.4,57,38,73,65,33.0,4.5,2.8,144085,C,Irregular
STU1188,Rohan,21,Female,Delhi,ECE,5,No,68.5,3.1,57.8,74,46,94,53,45.0,5.8,8.4,140263,B,Irregular
STU1189,Ananya,23,Male,Bangalore,IT,5,Yes,73.2,5.5,51.8,61,82,78,84,46.0,8.5,6.0,108333,B+,Irregular
STU1190,Sneha,21,Female,Pune,Civil,8,Yes,75.4,4.9,73.6,88,81,59,51,43.0,5.1,8.2,141121,B,Regular
STU1191,Meera,18,Male,Jaipur,ECE,5,No,73.1,6.0,77.6,65,63,57,94,78.0,8.5,6.7,149623,B+,Irregular
STU1192,Dev,18,Male,Mumbai,CSE,3,No,55.2,3.2,88.4,78,93,68,47,40.0,8.5,5.5,72224,B,Irregular
STU1193,Aman,19,Male,Jaipur,Mechanical,3,Yes,72.0,5.9,45.2,90,80,76,36,87.0,5.3,7.7,85372,B+,Irregular
STU1194,Dev,23,Male,Bangalore,Mechanical,3,Yes,63.2,5.5,47.7,58,40,56,87,76.0,6.1,9.7,88971,B,Irregular
STU1195,Sneha,22,Male,Pune,ECE,8,Yes,94.0,5.6,71.0,81,47,53,90,42.0,8.5,3.7,146396,B,Regular
STU1196,Arjun,19,Male,Hyderabad,Mechanical,4,Yes,88.9,5.8,70.7,68,38,63,27,36.0,7.1,2.7,103002,D,Regular
STU1197,Nisha,21,Male,Bangalore,ECE,6,Yes,71.6,3.7,63.6,91,78,93,73,39.0,4.6,3.0,101881,B+,Irregular
STU1198,Harsh,20,Male,Pune,ECE,4,No,56.4,5.7,62.2,37,46,51,73,53.0,8.0,8.2,178647,C,Irregular
STU1199,Varun,18,Female,Bangalore,AI & DS,7,No,60.9,3.3,63.8,61,82,81,78,76.0,7.8,3.8,131240,B+,Irregular
STU1200,Arjun,20,Male,Kolkata,CSE,7,Yes,71.7,3.0,56.4,50,72,92,96,36.0,5.2,9.2,164108,B,Irregular
STU1201,Aman,22,Female,Pune,ECE,3,Yes,65.3,4.9,87.7,62,73,65,23,38.0,5.4,7.8,130614,C,Irregular
STU1202,Priya,22,Female,Kolkata,Mechanical,7,Yes,61.3,5.7,59.3,60,54,49,64,40.0,6.1,9.3,102983,C,Irregular
STU1203,Neha,19,Male,Pune,Mechanical,1,Yes,87.6,1.3,67.9,91,76,70,65,55.0,5.9,8.1,154703,B+,Regular
STU1204,Varun,23,Female,,AI & DS,2,No,77.5,4.0,47.4,55,75,44,25,67.0,5.2,5.6,147227,C,Regular
STU1205,Ananya,21,Male,Kolkata,IT,2,No,95.4,5.0,59.3,67,79,50,47,99.0,6.5,6.7,166566,B,Regular
STU1206,Harsh,19,Male,Bangalore,ECE,2,Yes,64.6,3.7,92.0,60,35,43,48,88.0,8.0,4.5,133069,C,Irregular
STU1207,Krishna,19,Female,Bangalore,Mechanical,8,No,83.8,2.6,79.9,73,88,59,63,38.0,5.5,4.6,154289,B,Regular
STU1208,Isha,22,Male,Ahmedabad,Mechanical,1,No,78.2,3.8,95.6,82,51,76,46,96.0,9.0,2.4,162764,B+,Regular
STU1209,Sneha,22,Female,Pune,Civil,3,No,76.7,5.6,58.2,54,64,74,97,46.0,5.4,9.3,168134,B,Regular
STU1210,Simran,19,Female,Haridwar,Civil,4,Yes,77.8,6.0,76.0,75,34,97,84,46.0,6.4,4.6,178946,B,Regular
STU1211,Nisha,23,Female,Chennai,ECE,4,Yes,61.5,4.8,56.2,81,100,65,59,34.0,5.6,4.4,164319,B,Irregular
STU1212,Aarav,20,Male,Kolkata,IT,8,Yes,93.5,3.3,83.1,62,97,97,34,66.0,8.0,7.2,131250,B+,Regular
STU1213,Varun,22,Female,Haridwar,CSE,5,Yes,78.2,1.4,64.9,83,82,95,42,98.0,7.8,3.6,155076,A,Regular
STU1214,Nikhil,21,Female,Mumbai,Mechanical,7,Yes,68.7,6.9,68.2,37,80,61,66,97.0,5.9,4.6,93064,B,Irregular
STU1215,Riya,23,Male,Hyderabad,Civil,8,Yes,66.4,3.7,67.8,85,86,87,66,68.0,7.9,2.2,100881,B+,Irregular
STU1216,Arjun,21,Male,Haridwar,IT,5,Yes,90.1,1.7,73.3,43,40,71,29,46.0,6.8,5.0,80728,D,Regular
STU1217,Aarav,19,Male,Haridwar,CSE,2,Yes,75.2,1.4,52.8,100,44,71,58,99.0,5.5,7.3,105060,B+,Regular
STU1218,Aarav,18,Male,Ahmedabad,Mechanical,8,No,93.5,6.1,66.1,97,78,51,66,84.0,4.6,8.7,88919,B+,Regular
STU1219,Yash,20,Male,,AI & DS,1,Yes,90.9,7.8,47.8,67,43,73,80,33.0,6.8,7.7,70389,C,Regular
STU1220,Aadhya,18,Female,Pune,Mechanical,7,No,60.3,7.1,82.0,98,91,74,38,72.0,8.1,4.0,176870,B+,Irregular
STU1221,Varun,22,Male,Bangalore,IT,4,Yes,80.7,7.5,68.7,50,80,57,99,41.0,8.5,6.8,70887,B,Regular
STU1222,Mohit,19,Female,Chennai,Mechanical,1,Yes,90.3,6.5,85.3,96,79,87,38,98.0,5.0,8.2,160239,B+,Regular
STU1223,Karan,19,Female,Ahmedabad,CSE,2,No,88.8,4.8,98.8,54,58,63,82,86.0,7.0,3.5,84256,B,Regular
STU1224,Nikhil,19,Female,Hyderabad,ECE,3,Yes,70.6,1.5,49.2,37,39,73,54,31.0,8.8,4.4,134619,D,Irregular
STU1225,Aditya,23,Male,Ahmedabad,CSE,1,No,75.6,5.3,62.2,100,59,92,53,51.0,5.7,6.8,99084,B+,Regular
STU1226,Simran,20,Female,Bangalore,IT,8,No,62.8,5.4,65.5,60,39,92,98,88.0,4.7,7.0,172700,B+,Irregular
STU1227,Arjun,18,Male,Ahmedabad,AI & DS,8,No,81.2,1.7,45.5,83,38,75,20,39.0,6.5,2.7,77674,C,Regular
STU1228,Harsh,20,Male,Ahmedabad,IT,8,No,58.8,5.3,80.1,59,57,86,34,33.0,5.6,7.7,163863,C,Irregular
STU1229,Diya,19,Female,Delhi,IT,6,No,84.4,5.2,77.7,57,81,86,82,98.0,6.2,4.7,136897,A,Regular
STU1230,Aditya,19,Female,Jaipur,IT,6,No,91.2,1.5,65.4,53,65,98,82,75.0,8.6,6.7,78024,B+,Regular
STU1231,Ananya,19,Female,Bangalore,ECE,5,No,70.0,2.7,83.8,94,57,72,73,66.0,6.4,5.5,108506,B+,Irregular
STU1232,Dev,22,Female,Hyderabad,Civil,3,No,97.1,1.2,56.6,52,92,61,30,87.0,5.8,7.7,146709,B,Regular
STU1233,Neha,19,Female,Bangalore,ECE,7,Yes,84.5,6.7,82.7,35,67,60,48,34.0,5.0,4.3,168499,D,Regular
STU1234,Nisha,22,Male,Ahmedabad,Mechanical,8,Yes,96.6,6.8,56.9,61,85,81,42,54.0,8.1,8.3,132061,B,Regular
STU1235,Rohan,20,Male,Mumbai,AI & DS,1,No,70.9,6.6,93.6,92,68,55,80,38.0,6.1,5.7,76968,B,Irregular
STU1236,Kavya,21,Male,Chennai,Civil,1,Yes,55.6,1.0,84.5,63,66,62,32,61.0,7.8,6.1,140293,C,Irregular
STU1237,Meera,21,Male,Pune,ECE,1,No,79.4,5.3,58.5,64,61,81,97,39.0,4.8,5.1,119298,B,Regular
STU1238,Aarav,23,Male,Mumbai,IT,2,No,70.1,5.9,54.4,62,53,47,28,76.0,6.8,5.3,126053,C,Irregular
STU1239,Harsh,19,Male,Chennai,Civil,5,No,80.9,7.3,56.2,82,77,88,83,90.0,6.8,5.4,106413,A,Regular
STU1240,Aryan,21,Female,Haridwar,AI & DS,4,Yes,90.7,4.7,91.0,59,32,54,48,61.0,8.2,8.7,146274,C,Regular
STU1241,Meera,20,Male,Bangalore,AI & DS,6,Yes,60.7,6.6,94.6,63,48,41,60,74.0,5.4,2.5,72581,C,Irregular
STU1242,Priya,19,Female,Hyderabad,Mechanical,8,Yes,76.6,4.9,62.7,91,65,54,76,78.0,5.5,4.8,92335,B+,Regular
STU1243,Diya,19,Female,Jaipur,CSE,4,Yes,82.4,6.6,87.5,89,91,43,79,59.0,7.0,2.5,91639,B+,Regular
STU1244,Isha,22,Male,,Mechanical,1,Yes,74.2,7.2,86.2,92,74,78,77,,8.6,8.1,146674,A,Irregular
STU1245,Harsh,22,Male,Hyderabad,IT,1,No,74.5,5.2,92.4,70,91,81,95,71.0,8.4,7.8,171582,A,Irregular
STU1246,Varun,18,Female,Hyderabad,CSE,7,Yes,80.1,7.6,80.0,36,79,51,42,47.0,6.0,4.2,107019,C,Regular
STU1247,Aadhya,22,Male,Pune,AI & DS,8,No,75.8,6.4,86.1,47,56,75,26,51.0,5.2,3.7,73748,C,Regular
STU1248,Yash,23,Female,Hyderabad,CSE,8,No,66.7,7.2,,55,64,54,24,89.0,8.6,10.0,98901,C,Irregular
STU1249,Mohit,21,Female,Ahmedabad,IT,5,Yes,59.2,2.7,47.2,42,83,100,57,77.0,6.4,3.0,146234,B+,Irregular
STU1250,Simran,23,Male,Kolkata,ECE,1,No,71.2,3.2,52.3,88,59,99,67,64.0,6.8,2.0,116287,B+,Irregular
STU1011,Aryan,23,Female,Chennai,Mechanical,7,Yes,67.5,3.6,58.3,35,48,41,72,73.0,8.1,5.8,176081,C,Irregular
STU1051,Aarav,23,Female,Kolkata,ECE,5,Yes,82.5,4.8,56.1,98,67,76,30,32.0,7.6,2.7,71342,B,Regular
STU1101,Aarav,21,Female,Pune,Civil,7,Yes,81.7,2.6,93.6,51,57,41,54,34.0,6.5,4.6,141260,D,Regular
